folder,filename,top1_class,top1_prob,top2_class,top2_prob,top3_class,top3_prob,top4_class,top4_prob,top5_class,top5_prob
Alternaria_spp,Alternaria_spp_001.jpg,17,0.2072,32,0.1218,44,0.107,35,0.0847,7,0.0759
Alternaria_spp,Alternaria_spp_002.jpg,7,0.4231,78,0.2509,17,0.097,98,0.0386,32,0.0376
Alternaria_spp,Alternaria_spp_003.jpg,7,0.4228,78,0.2437,17,0.1078,98,0.0394,32,0.0345
Alternaria_spp,Alternaria_spp_004.jpg,7,0.7599,78,0.0558,44,0.0396,17,0.032,98,0.0259
Alternaria_spp,Alternaria_spp_005.jpg,17,0.381,7,0.1898,78,0.0628,98,0.0604,44,0.058
Alternaria_spp,Alternaria_spp_006.jpg,17,0.4287,7,0.1671,98,0.0594,44,0.0537,78,0.049
Alternaria_spp,Alternaria_spp_007.jpg,7,0.8392,44,0.0933,78,0.0168,98,0.0094,32,0.0077
Alternaria_spp,Alternaria_spp_008.jpg,7,0.8274,44,0.1016,78,0.0165,98,0.0111,32,0.0074
Alternaria_spp,Alternaria_spp_009.jpg,7,0.3528,17,0.2382,32,0.0677,78,0.0485,44,0.0423
Alternaria_spp,Alternaria_spp_010.jpg,7,0.3341,17,0.2507,32,0.0704,78,0.0578,97,0.0354
Alternaria_spp,Alternaria_spp_011.jpg,7,0.3222,17,0.2153,32,0.0736,44,0.0725,35,0.048
Alternaria_spp,Alternaria_spp_012.jpg,17,0.2976,7,0.2425,32,0.0857,44,0.0594,35,0.0526
Alternaria_spp,Alternaria_spp_013.jpg,17,0.3045,7,0.2867,32,0.0794,78,0.0501,97,0.0418
Alternaria_spp,Alternaria_spp_014.jpg,17,0.2724,7,0.2042,32,0.0896,35,0.0646,44,0.0524
Alternaria_spp,Alternaria_spp_015.jpg,7,0.7155,17,0.1174,78,0.0399,85,0.0219,98,0.0193
Alternaria_spp,Alternaria_spp_016.jpg,7,0.8332,17,0.0636,78,0.0219,98,0.0148,85,0.0136
Alternaria_spp,Alternaria_spp_017.jpg,17,0.3017,78,0.1633,7,0.1476,32,0.0766,98,0.0583
Alternaria_spp,Alternaria_spp_018.jpg,17,0.2219,35,0.16,7,0.1446,32,0.0961,44,0.0536
Alternaria_spp,Alternaria_spp_019.jpg,17,0.2449,7,0.1733,35,0.139,32,0.0948,44,0.055
Alternaria_spp,Alternaria_spp_020.jpg,17,0.3929,7,0.1094,32,0.1067,35,0.0596,97,0.0503
Alternaria_spp,Alternaria_spp_021.jpg,17,0.3294,32,0.1076,7,0.1063,97,0.0552,78,0.0499
Alternaria_spp,Alternaria_spp_022.jpg,7,0.8386,44,0.0426,78,0.0256,32,0.0196,17,0.015
Alternaria_spp,Alternaria_spp_023.jpg,7,0.5159,32,0.0959,44,0.0865,17,0.0794,78,0.039
Alternaria_spp,Alternaria_spp_024.jpg,7,0.4213,32,0.1422,17,0.0938,44,0.0664,78,0.0401
Alternaria_spp,Alternaria_spp_025.jpg,7,0.5119,85,0.1943,17,0.0543,6,0.0491,97,0.0298
Alternaria_spp,Alternaria_spp_026.jpg,9,0.3987,100,0.0529,24,0.0456,30,0.0401,17,0.0348
Alternaria_spp,Alternaria_spp_027.jpg,9,0.5148,30,0.0574,107,0.0439,24,0.0434,28,0.0311
Alternaria_spp,Alternaria_spp_028.jpg,9,0.5102,107,0.0488,30,0.0463,24,0.0377,78,0.0255
Alternaria_spp,Alternaria_spp_029.jpg,35,0.4074,97,0.0761,32,0.0749,17,0.0687,57,0.0631
Alternaria_spp,Alternaria_spp_030.jpg,35,0.3996,97,0.0905,32,0.0762,17,0.0725,85,0.0514
Alternaria_spp,Alternaria_spp_031.jpg,35,0.4184,32,0.0849,97,0.084,17,0.0688,57,0.0558
Alternaria_spp,Alternaria_spp_032.jpg,9,0.9572,30,0.0177,107,0.0096,70,0.0025,24,0.002
Alternaria_spp,Alternaria_spp_033.jpg,9,0.9742,107,0.0122,30,0.0068,35,0.0009,53,0.0007
Alternaria_spp,Alternaria_spp_034.jpg,35,0.3611,17,0.0882,32,0.0726,97,0.0693,85,0.0661
Alternaria_spp,Alternaria_spp_035.jpg,17,0.2077,85,0.136,97,0.1087,7,0.0928,35,0.0679
Alternaria_spp,Alternaria_spp_036.jpg,17,0.1937,85,0.1367,7,0.1274,97,0.105,35,0.0655
Alternaria_spp,Alternaria_spp_037.jpg,17,0.2162,85,0.1375,7,0.0966,97,0.0857,6,0.0808
Alternaria_spp,Alternaria_spp_038.jpg,7,0.8792,6,0.0357,78,0.0272,85,0.0139,44,0.0056
Alternaria_spp,Alternaria_spp_039.jpg,7,0.914,6,0.0224,78,0.0193,85,0.014,44,0.0043
Alternaria_spp,Alternaria_spp_040.jpg,32,0.5413,24,0.0958,78,0.0686,7,0.0619,6,0.0396
Alternaria_spp,Alternaria_spp_041.jpg,32,0.596,24,0.12,78,0.0647,7,0.0431,6,0.0372
Alternaria_spp,Alternaria_spp_042.jpg,7,0.1677,9,0.1283,35,0.0902,32,0.0816,17,0.0729
Alternaria_spp,Alternaria_spp_043.jpg,9,0.1894,7,0.132,6,0.0828,35,0.0821,32,0.0716
Alternaria_spp,Alternaria_spp_044.jpg,9,0.4693,30,0.4167,107,0.0706,81,0.0082,75,0.007
Alternaria_spp,Alternaria_spp_045.jpg,9,0.5742,30,0.303,107,0.0395,78,0.0227,24,0.0074
Alternaria_spp,Alternaria_spp_046.jpg,30,0.5491,9,0.1807,24,0.0696,78,0.0428,107,0.0195
Alternaria_spp,Alternaria_spp_047.jpg,7,0.212,6,0.1977,17,0.0925,85,0.076,32,0.075
Alternaria_spp,Alternaria_spp_048.jpg,6,0.2013,7,0.1707,32,0.1026,17,0.0916,85,0.066
Alternaria_spp,Alternaria_spp_049.jpg,7,0.3404,17,0.1924,97,0.1099,32,0.0783,78,0.0527
Alternaria_spp,Alternaria_spp_050.jpg,7,0.5524,97,0.0786,78,0.0693,17,0.0612,32,0.0484
Alternaria_spp,Alternaria_spp_051.jpg,32,0.3499,17,0.2263,24,0.099,2,0.0757,97,0.0698
Alternaria_spp,Alternaria_spp_052.jpg,32,0.397,17,0.1943,24,0.1018,97,0.0688,2,0.0666
Alternaria_spp,Alternaria_spp_053.jpg,7,0.6242,6,0.2124,85,0.0645,78,0.0496,84,0.0246
Alternaria_spp,Alternaria_spp_054.jpg,7,0.8323,44,0.0247,6,0.021,17,0.0189,78,0.0172
Alternaria_spp,Alternaria_spp_055.jpg,7,0.8615,6,0.025,44,0.0194,85,0.0144,17,0.0137
Alternaria_spp,Alternaria_spp_056.jpg,9,0.3374,81,0.2484,107,0.13,30,0.0824,75,0.0652
Alternaria_spp,Alternaria_spp_057.jpg,7,0.8855,85,0.0362,78,0.0136,17,0.0113,6,0.0079
Alternaria_spp,Alternaria_spp_058.jpg,85,0.2524,17,0.2139,7,0.0938,97,0.0579,78,0.0533
Alternaria_spp,Alternaria_spp_059.jpg,17,0.2344,85,0.2285,7,0.0723,97,0.0656,78,0.0591
Alternaria_spp,Alternaria_spp_060.jpg,85,0.3092,17,0.1879,97,0.0785,32,0.0573,35,0.0534
Alternaria_spp,Alternaria_spp_061.jpg,85,0.343,17,0.1651,97,0.0711,35,0.0611,32,0.0533
Alternaria_spp,Alternaria_spp_062.jpg,7,0.6891,85,0.0663,6,0.0471,32,0.0344,17,0.0311
Alternaria_spp,Alternaria_spp_063.jpg,7,0.7514,85,0.0559,17,0.0264,32,0.0263,6,0.0243
Alternaria_spp,Alternaria_spp_064.jpg,7,0.9569,85,0.0107,78,0.0084,44,0.0044,17,0.0037
Alternaria_spp,Alternaria_spp_065.jpg,7,0.4245,78,0.1573,17,0.0773,97,0.0568,98,0.052
Alternaria_spp,Alternaria_spp_066.jpg,9,0.3569,78,0.1865,81,0.0851,30,0.0822,83,0.0572
Alternaria_spp,Alternaria_spp_067.jpg,9,0.2659,78,0.2379,83,0.0771,80,0.0609,30,0.0585
Alternaria_spp,Alternaria_spp_068.jpg,21,0.6058,7,0.1711,34,0.0603,85,0.0522,100,0.0219
Alternaria_spp,Alternaria_spp_069.jpg,78,0.6806,81,0.067,5,0.045,7,0.0287,75,0.0254
Alternaria_spp,Alternaria_spp_070.jpg,78,0.5918,81,0.0771,5,0.0491,83,0.0398,9,0.0315
Alternaria_spp,Alternaria_spp_071.jpg,81,0.4231,9,0.2385,30,0.1708,5,0.0703,75,0.0305
Alternaria_spp,Alternaria_spp_072.jpg,9,0.5223,81,0.2348,30,0.1318,107,0.0302,5,0.027
Alternaria_spp,Alternaria_spp_073.jpg,9,0.2182,78,0.209,30,0.1586,75,0.0647,81,0.06
Alternaria_spp,Alternaria_spp_074.jpg,9,0.7092,107,0.1281,81,0.0501,30,0.0344,75,0.0148
Alternaria_spp,Alternaria_spp_075.jpg,9,0.7933,107,0.0946,81,0.0346,30,0.0282,75,0.0137
Alternaria_spp,Alternaria_spp_076.jpg,78,0.2851,85,0.2718,7,0.1955,34,0.0908,100,0.0235
Alternaria_spp,Alternaria_spp_077.jpg,78,0.4108,81,0.2392,30,0.0917,75,0.0578,5,0.0344
Alternaria_spp,Alternaria_spp_078.jpg,78,0.1274,85,0.1171,34,0.0659,100,0.0607,24,0.0438
Alternaria_spp,Alternaria_spp_079.jpg,81,0.3992,9,0.183,78,0.1128,75,0.0878,30,0.0701
Alternaria_spp,Alternaria_spp_080.jpg,81,0.4435,9,0.2527,30,0.0774,5,0.0592,75,0.0576
Alternaria_spp,Alternaria_spp_081.jpg,9,0.9661,107,0.0196,81,0.0062,30,0.0054,70,0.0004
Alternaria_spp,Alternaria_spp_082.jpg,34,0.1829,100,0.1272,85,0.1102,24,0.0862,78,0.0756
Alternaria_spp,Alternaria_spp_083.jpg,81,0.3505,78,0.2471,107,0.1324,5,0.0705,75,0.0507
Alternaria_spp,Alternaria_spp_084.jpg,81,0.3726,78,0.2392,107,0.1033,5,0.0835,75,0.0542
Alternaria_spp,Alternaria_spp_085.jpg,7,0.5425,32,0.1181,44,0.1161,78,0.0429,35,0.0376
Alternaria_spp,Alternaria_spp_086.jpg,7,0.4172,32,0.2118,44,0.1171,35,0.0452,78,0.0423
Alternaria_spp,Alternaria_spp_087.jpg,7,0.8046,78,0.1826,6,0.0031,98,0.0015,32,0.0014
Alternaria_spp,Alternaria_spp_088.jpg,7,0.9423,78,0.0469,32,0.0022,6,0.0016,44,0.0013
Alternaria_spp,Alternaria_spp_089.jpg,7,0.6793,6,0.2323,85,0.0419,78,0.024,84,0.004
Alternaria_spp,Alternaria_spp_090.jpg,7,0.6721,78,0.286,6,0.0132,32,0.0092,24,0.003
Alternaria_spp,Alternaria_spp_091.jpg,7,0.7858,78,0.1611,6,0.0159,32,0.0122,44,0.0044
Alternaria_spp,Alternaria_spp_092.jpg,7,0.4205,44,0.1553,78,0.0715,17,0.0669,35,0.0552
Alternaria_spp,Alternaria_spp_093.jpg,7,0.5398,44,0.1642,35,0.0474,17,0.043,32,0.0408
Alternaria_spp,Alternaria_spp_094.jpg,44,0.3269,7,0.265,32,0.0766,17,0.0551,35,0.0456
Alternaria_spp,Alternaria_spp_095.jpg,7,0.3005,44,0.2919,32,0.0737,17,0.0531,35,0.0439
Alternaria_spp,Alternaria_spp_096.jpg,7,0.728,17,0.063,44,0.0462,78,0.0336,98,0.0225
Alternaria_spp,Alternaria_spp_097.jpg,7,0.4193,44,0.1828,32,0.0725,35,0.0525,17,0.0414
Alternaria_spp,Alternaria_spp_098.jpg,7,0.4324,44,0.1688,32,0.083,35,0.0473,78,0.0437
Alternaria_spp,Alternaria_spp_099.jpg,44,0.2419,17,0.1839,7,0.1713,32,0.0617,35,0.0492
Alternaria_spp,Alternaria_spp_100.jpg,44,0.2639,17,0.193,7,0.1739,35,0.0517,32,0.051
Alternaria_spp,Alternaria_spp_101.jpg,7,0.4489,78,0.1583,44,0.0873,17,0.0648,98,0.0621
Alternaria_spp,Alternaria_spp_102.jpg,7,0.8757,78,0.0313,44,0.0273,98,0.0217,17,0.0106
Alternaria_spp,Alternaria_spp_103.jpg,7,0.4186,44,0.1394,17,0.0974,35,0.0529,32,0.0384
Alternaria_spp,Alternaria_spp_104.jpg,7,0.3487,44,0.1703,17,0.1113,35,0.0598,32,0.0427
Alternaria_spp,Alternaria_spp_105.jpg,7,0.4483,44,0.1586,17,0.0707,35,0.0512,32,0.0384
Alternaria_spp,Alternaria_spp_106.jpg,7,0.7004,17,0.121,78,0.0315,98,0.0221,32,0.0178
Alternaria_spp,Alternaria_spp_107.jpg,7,0.6443,17,0.1259,78,0.0365,44,0.0313,85,0.0287
Alternaria_spp,Alternaria_spp_108.jpg,17,0.1497,32,0.1347,44,0.0845,35,0.083,9,0.0812
Alternaria_spp,Alternaria_spp_109.jpg,44,0.1955,32,0.1318,17,0.0986,35,0.0952,9,0.0882
Aspergillus_section_Flavi,Aspergillus_section_Flavi_001.jpg,9,0.7448,83,0.0826,69,0.0233,107,0.0221,80,0.0221
Aspergillus_section_Flavi,Aspergillus_section_Flavi_002.jpg,9,0.7307,83,0.0837,107,0.0271,78,0.0263,80,0.0222
Aspergillus_section_Flavi,Aspergillus_section_Flavi_003.jpg,32,0.8097,45,0.0279,7,0.0239,6,0.0235,78,0.0135
Aspergillus_section_Flavi,Aspergillus_section_Flavi_004.jpg,32,0.8026,45,0.0425,6,0.0156,97,0.0141,7,0.0141
Aspergillus_section_Flavi,Aspergillus_section_Flavi_005.jpg,32,0.7831,45,0.0419,6,0.017,12,0.0169,97,0.0156
Aspergillus_section_Flavi,Aspergillus_section_Flavi_006.jpg,17,0.2962,7,0.2284,32,0.0782,44,0.0699,98,0.0638
Aspergillus_section_Flavi,Aspergillus_section_Flavi_007.jpg,17,0.2984,7,0.2484,32,0.0853,98,0.0614,44,0.055
Aspergillus_section_Flavi,Aspergillus_section_Flavi_008.jpg,7,0.5552,17,0.1952,78,0.0942,98,0.0348,32,0.0255
Aspergillus_section_Flavi,Aspergillus_section_Flavi_009.jpg,7,0.5804,17,0.1715,78,0.1046,98,0.0292,32,0.0274
Aspergillus_section_Flavi,Aspergillus_section_Flavi_010.jpg,7,0.4589,17,0.2701,32,0.1183,97,0.0345,78,0.0314
Aspergillus_section_Flavi,Aspergillus_section_Flavi_011.jpg,7,0.5236,17,0.2319,32,0.0899,97,0.0346,78,0.029
Aspergillus_section_Flavi,Aspergillus_section_Flavi_012.jpg,78,0.3946,7,0.2246,32,0.1757,58,0.0313,6,0.0295
Aspergillus_section_Flavi,Aspergillus_section_Flavi_013.jpg,78,0.4112,7,0.2016,32,0.1728,58,0.0423,6,0.0289
Aspergillus_section_Flavi,Aspergillus_section_Flavi_014.jpg,78,0.3735,7,0.1987,32,0.1811,6,0.04,58,0.0391
Aspergillus_section_Flavi,Aspergillus_section_Flavi_015.jpg,17,0.3576,7,0.333,32,0.0701,78,0.0332,85,0.0325
Aspergillus_section_Flavi,Aspergillus_section_Flavi_016.jpg,17,0.3467,7,0.3155,32,0.0805,97,0.0349,85,0.0324
Aspergillus_section_Flavi,Aspergillus_section_Flavi_017.jpg,7,0.677,78,0.1462,32,0.0641,17,0.0206,98,0.0128
Aspergillus_section_Flavi,Aspergillus_section_Flavi_018.jpg,7,0.5727,78,0.2154,32,0.094,17,0.02,28,0.0137
Aspergillus_section_Flavi,Aspergillus_section_Flavi_019.jpg,78,0.44,7,0.304,58,0.0931,32,0.0606,6,0.0119
Aspergillus_section_Flavi,Aspergillus_section_Flavi_020.jpg,78,0.4822,7,0.2974,58,0.0649,32,0.0604,6,0.0114
Aspergillus_section_Flavi,Aspergillus_section_Flavi_021.jpg,78,0.4523,7,0.3033,58,0.084,32,0.0626,6,0.0111
Aspergillus_section_Flavi,Aspergillus_section_Flavi_022.jpg,78,0.4103,7,0.305,58,0.1271,32,0.0561,6,0.0129
Aspergillus_section_Flavi,Aspergillus_section_Flavi_023.jpg,78,0.4413,7,0.2985,58,0.1053,32,0.0612,6,0.0109
Aspergillus_section_Flavi,Aspergillus_section_Flavi_024.jpg,7,0.7794,78,0.1094,17,0.0326,32,0.0143,98,0.0131
Aspergillus_section_Flavi,Aspergillus_section_Flavi_025.jpg,58,0.5292,32,0.0564,108,0.0522,6,0.0394,14,0.0357
Aspergillus_section_Flavi,Aspergillus_section_Flavi_026.jpg,58,0.6844,32,0.0525,6,0.0252,12,0.0194,108,0.0182
Aspergillus_section_Flavi,Aspergillus_section_Flavi_027.jpg,58,0.6661,32,0.0586,6,0.0254,78,0.021,97,0.0181
Aspergillus_section_Flavi,Aspergillus_section_Flavi_028.jpg,58,0.6609,32,0.0598,78,0.0269,6,0.0253,97,0.0194
Aspergillus_section_Flavi,Aspergillus_section_Flavi_029.jpg,58,0.7035,32,0.0584,78,0.0264,6,0.0214,97,0.0177
Aspergillus_section_Flavi,Aspergillus_section_Flavi_030.jpg,58,0.6298,32,0.0632,6,0.0299,78,0.0276,97,0.021
Aspergillus_section_Flavi,Aspergillus_section_Flavi_031.jpg,58,0.3845,106,0.129,107,0.0823,78,0.0437,6,0.0356
Aspergillus_section_Flavi,Aspergillus_section_Flavi_032.jpg,58,0.3888,106,0.1263,107,0.0943,108,0.0472,6,0.0327
Aspergillus_section_Flavi,Aspergillus_section_Flavi_033.jpg,58,0.2384,107,0.1192,106,0.1156,108,0.0653,6,0.0543
Aspergillus_section_Flavi,Aspergillus_section_Flavi_034.jpg,58,0.6682,14,0.0708,12,0.037,32,0.0351,41,0.0284
Aspergillus_section_Flavi,Aspergillus_section_Flavi_035.jpg,17,0.2426,14,0.1658,32,0.1382,7,0.1335,97,0.0913
Aspergillus_section_Flavi,Aspergillus_section_Flavi_036.jpg,17,0.2463,14,0.1461,7,0.1333,32,0.125,97,0.0951
Aspergillus_section_Flavi,Aspergillus_section_Flavi_037.jpg,17,0.2563,14,0.1649,32,0.1242,7,0.1181,97,0.0948
Aspergillus_section_Flavi,Aspergillus_section_Flavi_038.jpg,17,0.2436,14,0.2036,32,0.1358,97,0.0876,7,0.0793
Aspergillus_section_Flavi,Aspergillus_section_Flavi_039.jpg,14,0.6889,32,0.104,7,0.0791,6,0.0188,85,0.015
Aspergillus_section_Flavi,Aspergillus_section_Flavi_040.jpg,7,0.8206,78,0.0314,17,0.024,32,0.0203,85,0.0165
Aspergillus_section_Flavi,Aspergillus_section_Flavi_041.jpg,7,0.9687,78,0.0114,32,0.0044,6,0.0032,44,0.002
Aspergillus_section_Flavi,Aspergillus_section_Flavi_042.jpg,78,0.6817,81,0.2019,30,0.0552,5,0.0239,70,0.0052
Aspergillus_section_Flavi,Aspergillus_section_Flavi_043.jpg,81,0.6642,78,0.182,30,0.0736,9,0.0199,5,0.0146
Aspergillus_section_Flavi,Aspergillus_section_Flavi_044.jpg,7,0.9646,78,0.0145,32,0.005,6,0.0027,44,0.0021
Aspergillus_section_Flavi,Aspergillus_section_Flavi_045.jpg,6,0.5542,7,0.3124,78,0.0756,32,0.0139,24,0.0064
Aspergillus_section_Flavi,Aspergillus_section_Flavi_046.jpg,7,0.4028,6,0.3927,78,0.1416,32,0.0202,24,0.0068
Aspergillus_section_Flavi,Aspergillus_section_Flavi_047.jpg,7,0.5134,6,0.2997,78,0.1172,32,0.0158,24,0.0062
Aspergillus_section_Flavi,Aspergillus_section_Flavi_048.jpg,7,0.5295,6,0.3045,78,0.1136,32,0.0128,24,0.0047
Aspergillus_section_Flavi,Aspergillus_section_Flavi_049.jpg,7,0.4431,6,0.1223,78,0.1214,35,0.0543,44,0.0449
Aspergillus_section_Flavi,Aspergillus_section_Flavi_050.jpg,6,0.3736,7,0.2105,78,0.1587,35,0.0676,32,0.0374
Aspergillus_section_Flavi,Aspergillus_section_Flavi_051.jpg,7,0.29,6,0.2563,78,0.1964,35,0.0689,32,0.0399
Aspergillus_section_Flavi,Aspergillus_section_Flavi_052.jpg,6,0.3102,78,0.248,7,0.2021,35,0.0594,32,0.0397
Aspergillus_section_Flavi,Aspergillus_section_Flavi_053.jpg,78,0.2846,6,0.265,7,0.2376,35,0.053,32,0.0402
Aspergillus_section_Flavi,Aspergillus_section_Flavi_054.jpg,78,0.3195,6,0.2448,7,0.2236,35,0.048,32,0.0447
Aspergillus_section_Flavi,Aspergillus_section_Flavi_055.jpg,35,0.2152,32,0.1349,30,0.1153,78,0.0946,24,0.0673
Aspergillus_section_Flavi,Aspergillus_section_Flavi_056.jpg,35,0.167,30,0.1448,78,0.1139,32,0.1112,24,0.0838
Aspergillus_section_Flavi,Aspergillus_section_Flavi_057.jpg,35,0.2083,30,0.1261,53,0.1157,107,0.1128,12,0.1021
Aspergillus_section_Flavi,Aspergillus_section_Flavi_058.jpg,7,0.3264,35,0.1506,44,0.0923,32,0.0796,78,0.0721
Aspergillus_section_Flavi,Aspergillus_section_Flavi_059.jpg,7,0.234,35,0.1476,32,0.1364,44,0.1162,78,0.0753
Aspergillus_section_Flavi,Aspergillus_section_Flavi_060.jpg,7,0.254,35,0.1691,44,0.1396,32,0.0998,78,0.0572
Aspergillus_section_Flavi,Aspergillus_section_Flavi_061.jpg,35,0.5954,17,0.1007,32,0.0821,97,0.0355,7,0.031
Aspergillus_section_Flavi,Aspergillus_section_Flavi_062.jpg,35,0.73,17,0.0616,32,0.0565,44,0.0219,97,0.0215
Aspergillus_section_Flavi,Aspergillus_section_Flavi_063.jpg,35,0.6253,17,0.0947,32,0.0806,97,0.0309,7,0.0283
Aspergillus_section_Flavi,Aspergillus_section_Flavi_064.jpg,108,0.6009,107,0.1893,35,0.1085,24,0.0203,32,0.0202
Aspergillus_section_Flavi,Aspergillus_section_Flavi_065.jpg,58,0.3679,35,0.1199,32,0.1012,97,0.0549,108,0.0476
Aspergillus_section_Flavi,Aspergillus_section_Flavi_066.jpg,108,0.2549,32,0.1768,35,0.1229,24,0.0837,97,0.0782
Aspergillus_section_Flavi,Aspergillus_section_Flavi_067.jpg,35,0.7291,17,0.0635,32,0.055,7,0.02,97,0.0177
Aspergillus_section_Flavi,Aspergillus_section_Flavi_068.jpg,35,0.7217,17,0.0654,32,0.0579,7,0.0209,44,0.019
Aspergillus_section_Flavi,Aspergillus_section_Flavi_069.jpg,14,0.5271,108,0.2606,71,0.051,57,0.0225,6,0.0169
Aspergillus_section_Flavi,Aspergillus_section_Flavi_070.jpg,58,0.4403,14,0.1021,106,0.0738,108,0.0574,107,0.0352
Aspergillus_section_Flavi,Aspergillus_section_Flavi_071.jpg,58,0.6109,32,0.0903,7,0.0487,78,0.0332,44,0.0318
Aspergillus_section_Flavi,Aspergillus_section_Flavi_072.jpg,58,0.6178,32,0.0691,7,0.0522,12,0.0414,78,0.0395
Aspergillus_section_Flavi,Aspergillus_section_Flavi_073.jpg,58,0.6257,32,0.0883,7,0.0476,78,0.0352,35,0.031
Aspergillus_section_Flavi,Aspergillus_section_Flavi_074.jpg,58,0.6082,32,0.0834,7,0.048,78,0.0376,35,0.0366
Aspergillus_section_Flavi,Aspergillus_section_Flavi_075.jpg,58,0.3114,106,0.2471,35,0.0943,27,0.0377,32,0.0338
Aspergillus_section_Flavi,Aspergillus_section_Flavi_076.jpg,7,0.3544,17,0.2113,32,0.1253,14,0.0687,97,0.0566
Aspergillus_section_Flavi,Aspergillus_section_Flavi_077.jpg,17,0.2889,7,0.2701,32,0.116,97,0.0606,14,0.0538
Aspergillus_section_Flavi,Aspergillus_section_Flavi_078.jpg,7,0.4756,17,0.2513,32,0.0546,78,0.0534,98,0.0269
Aspergillus_section_Flavi,Aspergillus_section_Flavi_079.jpg,7,0.439,17,0.2788,78,0.0614,32,0.0613,98,0.0295
Aspergillus_section_Flavi,Aspergillus_section_Flavi_080.jpg,7,0.4518,17,0.2649,32,0.0668,78,0.0557,98,0.0257
Aspergillus_section_Flavi,Aspergillus_section_Flavi_081.jpg,7,0.515,17,0.143,32,0.1199,97,0.0385,85,0.0356
Aspergillus_section_Flavi,Aspergillus_section_Flavi_082.jpg,7,0.5248,17,0.1284,32,0.1178,97,0.0376,85,0.0372
Aspergillus_section_Flavi,Aspergillus_section_Flavi_083.jpg,6,0.5031,7,0.3505,78,0.044,12,0.0111,85,0.0103
Aspergillus_section_Flavi,Aspergillus_section_Flavi_084.jpg,35,0.7053,17,0.0778,32,0.0538,7,0.0265,97,0.0212
Aspergillus_section_Flavi,Aspergillus_section_Flavi_085.jpg,35,0.7719,32,0.0592,17,0.0454,97,0.0196,7,0.0125
Aspergillus_section_Flavi,Aspergillus_section_Flavi_086.jpg,7,0.3643,6,0.1857,32,0.0819,78,0.0771,44,0.0509
Aspergillus_section_Flavi,Aspergillus_section_Flavi_087.jpg,7,0.3906,6,0.1614,32,0.0852,78,0.0785,44,0.0507
Aspergillus_section_Flavi,Aspergillus_section_Flavi_088.jpg,7,0.2939,35,0.2476,17,0.1164,97,0.0469,32,0.0318
Aspergillus_section_Flavi,Aspergillus_section_Flavi_089.jpg,35,0.2759,7,0.2645,17,0.1203,97,0.0407,28,0.0353
Aspergillus_section_Flavi,Aspergillus_section_Flavi_090.jpg,7,0.2967,35,0.2533,17,0.1174,97,0.0411,78,0.0357
Aspergillus_section_Flavi,Aspergillus_section_Flavi_091.jpg,7,0.355,35,0.2252,17,0.1242,98,0.0375,78,0.0365
Aspergillus_section_Flavi,Aspergillus_section_Flavi_092.jpg,58,0.5026,12,0.2375,32,0.1079,7,0.0269,45,0.021
Aspergillus_section_Flavi,Aspergillus_section_Flavi_093.jpg,58,0.4849,12,0.2525,32,0.1059,7,0.0276,45,0.0212
Aspergillus_section_Flavi,Aspergillus_section_Flavi_094.jpg,17,0.3769,97,0.1406,32,0.0997,7,0.0803,85,0.0655
Aspergillus_section_Flavi,Aspergillus_section_Flavi_095.jpg,7,0.3352,6,0.2882,78,0.0827,32,0.0571,85,0.0217
Aspergillus_section_Flavi,Aspergillus_section_Flavi_096.jpg,78,0.2909,7,0.2592,32,0.2258,58,0.0826,6,0.0264
Aspergillus_section_Flavi,Aspergillus_section_Flavi_097.jpg,78,0.2517,7,0.2405,32,0.2338,58,0.0753,6,0.0507
Aspergillus_section_Flavi,Aspergillus_section_Flavi_098.jpg,17,0.3903,7,0.1362,35,0.0578,85,0.0558,32,0.0509
Aspergillus_section_Flavi,Aspergillus_section_Flavi_099.jpg,17,0.4303,7,0.1273,35,0.061,32,0.0549,85,0.0494
Aspergillus_section_Flavi,Aspergillus_section_Flavi_100.jpg,17,0.4999,7,0.1074,35,0.0497,32,0.0453,85,0.0382
Aspergillus_section_Flavi,Aspergillus_section_Flavi_101.jpg,17,0.427,7,0.1275,35,0.0602,32,0.0516,85,0.0495
Aspergillus_section_Flavi,Aspergillus_section_Flavi_102.jpg,98,0.3442,7,0.2458,17,0.162,78,0.0682,35,0.0455
Aspergillus_section_Flavi,Aspergillus_section_Flavi_103.jpg,7,0.3419,98,0.2875,17,0.1173,78,0.0591,35,0.0552
Aspergillus_section_Flavi,Aspergillus_section_Flavi_104.jpg,7,0.3864,98,0.2336,17,0.1285,78,0.0548,35,0.0531
Aspergillus_section_Flavi,Aspergillus_section_Flavi_105.jpg,32,0.5,35,0.1256,24,0.0823,44,0.0402,78,0.0386
Aspergillus_section_Flavi,Aspergillus_section_Flavi_106.jpg,32,0.6475,35,0.0838,24,0.0674,6,0.0506,78,0.0373
Aspergillus_section_Flavi,Aspergillus_section_Flavi_107.jpg,30,0.3325,9,0.2766,24,0.1009,35,0.0496,44,0.0337
Aspergillus_section_Flavi,Aspergillus_section_Flavi_108.jpg,9,0.5183,30,0.1798,107,0.137,81,0.0487,75,0.0207
Aspergillus_section_Flavi,Aspergillus_section_Flavi_109.jpg,9,0.3727,107,0.3297,30,0.1254,24,0.0326,81,0.0233
Aspergillus_section_Flavi,Aspergillus_section_Flavi_110.jpg,35,0.2643,32,0.1769,44,0.0929,30,0.0579,24,0.0484
Aspergillus_section_Flavi,Aspergillus_section_Flavi_111.jpg,32,0.3297,35,0.2047,6,0.1185,78,0.0625,24,0.0503
Aspergillus_section_Flavi,Aspergillus_section_Flavi_112.jpg,7,0.7708,78,0.1836,6,0.0312,32,0.0037,24,0.0017
Aspergillus_section_Flavi,Aspergillus_section_Flavi_113.jpg,7,0.7755,78,0.2028,6,0.0086,32,0.0032,24,0.0017
Aspergillus_section_Flavi,Aspergillus_section_Flavi_114.jpg,7,0.8101,78,0.1716,6,0.0073,32,0.0024,24,0.0014
Aspergillus_section_Flavi,Aspergillus_section_Flavi_115.jpg,7,0.2629,17,0.2339,14,0.1093,32,0.0981,85,0.0533
Aspergillus_section_Flavi,Aspergillus_section_Flavi_116.jpg,7,0.4881,78,0.2445,32,0.0855,58,0.0572,12,0.0162
Aspergillus_section_Flavi,Aspergillus_section_Flavi_117.jpg,7,0.5015,78,0.2039,32,0.0887,58,0.0852,6,0.0154
Aspergillus_section_Flavi,Aspergillus_section_Flavi_118.jpg,12,0.4256,58,0.3637,32,0.0605,7,0.0254,45,0.0221
Aspergillus_section_Flavi,Aspergillus_section_Flavi_119.jpg,12,0.509,58,0.2863,32,0.0615,7,0.0276,45,0.017
Aspergillus_section_Flavi,Aspergillus_section_Flavi_120.jpg,32,0.3101,7,0.2777,17,0.1132,35,0.0453,44,0.0426
Aspergillus_section_Flavi,Aspergillus_section_Flavi_121.jpg,7,0.9693,78,0.0114,6,0.0112,32,0.0022,44,0.0016
Aspergillus_section_Flavi,Aspergillus_section_Flavi_122.jpg,7,0.9749,78,0.0121,6,0.0062,32,0.002,44,0.0012
Aspergillus_section_Flavi,Aspergillus_section_Flavi_123.jpg,7,0.9727,78,0.0164,6,0.004,32,0.002,44,0.0012
Aspergillus_section_Flavi,Aspergillus_section_Flavi_124.jpg,32,0.2404,7,0.1473,17,0.0954,97,0.0856,44,0.0558
Aspergillus_section_Flavi,Aspergillus_section_Flavi_125.jpg,32,0.2892,7,0.1007,44,0.0796,75,0.0545,97,0.0513
Aspergillus_section_Flavi,Aspergillus_section_Flavi_126.jpg,7,0.3417,44,0.268,32,0.1418,35,0.0502,6,0.0243
Aspergillus_section_Flavi,Aspergillus_section_Flavi_127.jpg,7,0.3349,44,0.2599,32,0.1541,35,0.0492,6,0.0215
Aspergillus_section_Flavi,Aspergillus_section_Flavi_128.jpg,35,0.3595,17,0.1782,30,0.0663,32,0.0622,7,0.0476
Aspergillus_section_Flavi,Aspergillus_section_Flavi_129.jpg,35,0.296,17,0.2013,32,0.0762,30,0.06,7,0.0561
Aspergillus_section_Flavi,Aspergillus_section_Flavi_130.jpg,7,0.304,17,0.2092,32,0.0673,35,0.0645,78,0.0621
Aspergillus_section_Flavi,Aspergillus_section_Flavi_131.jpg,7,0.2566,17,0.1587,35,0.1178,32,0.0696,30,0.0586
Aspergillus_section_Flavi,Aspergillus_section_Flavi_132.jpg,7,0.3374,17,0.1488,35,0.1005,32,0.0623,78,0.0506
Aspergillus_section_Flavi,Aspergillus_section_Flavi_133.jpg,17,0.1859,7,0.1761,32,0.1738,44,0.1079,35,0.0615
Aspergillus_section_Flavi,Aspergillus_section_Flavi_134.jpg,7,0.192,17,0.1895,32,0.1666,44,0.0995,35,0.0604
Aspergillus_section_Flavi,Aspergillus_section_Flavi_135.jpg,7,0.2626,17,0.2154,44,0.0895,32,0.0643,78,0.0631
Aspergillus_section_Flavi,Aspergillus_section_Flavi_136.jpg,7,0.2764,44,0.1442,17,0.1015,32,0.091,35,0.0876
Aspergillus_section_Flavi,Aspergillus_section_Flavi_137.jpg,7,0.2881,44,0.2131,35,0.1037,32,0.0845,17,0.0628
Aspergillus_section_Flavi,Aspergillus_section_Flavi_138.jpg,28,0.3494,78,0.2773,100,0.0778,24,0.0644,98,0.0418
Aspergillus_section_Flavi,Aspergillus_section_Flavi_139.jpg,28,0.4075,78,0.2457,100,0.0644,24,0.0622,98,0.0391
Aspergillus_section_Flavi,Aspergillus_section_Flavi_140.jpg,78,0.2236,81,0.1786,9,0.1647,75,0.0946,70,0.0899
Aspergillus_section_Flavi,Aspergillus_section_Flavi_141.jpg,78,0.2194,9,0.2006,81,0.101,70,0.0976,75,0.0819
Aspergillus_section_Flavi,Aspergillus_section_Flavi_142.jpg,78,0.5194,30,0.2901,28,0.103,24,0.046,7,0.0062
Aspergillus_section_Flavi,Aspergillus_section_Flavi_143.jpg,78,0.4132,30,0.3942,28,0.1109,24,0.0407,75,0.0055
Aspergillus_section_Flavi,Aspergillus_section_Flavi_144.jpg,30,0.7219,75,0.0843,70,0.0353,78,0.0284,81,0.0251
Aspergillus_section_Flavi,Aspergillus_section_Flavi_145.jpg,30,0.6678,75,0.1157,78,0.0496,70,0.0297,81,0.0213
Aspergillus_section_Flavi,Aspergillus_section_Flavi_146.jpg,30,0.3858,78,0.2234,24,0.0988,17,0.0592,98,0.0452
Aspergillus_section_Flavi,Aspergillus_section_Flavi_147.jpg,30,0.3178,78,0.2788,24,0.11,17,0.0726,98,0.0596
Aspergillus_section_Flavi,Aspergillus_section_Flavi_148.jpg,78,0.5241,30,0.3423,28,0.067,24,0.0389,7,0.005
Aspergillus_section_Flavi,Aspergillus_section_Flavi_149.jpg,78,0.7923,28,0.0756,7,0.0453,30,0.0199,75,0.0172
Aspergillus_section_Flavi,Aspergillus_section_Flavi_150.jpg,78,0.7935,28,0.0943,7,0.029,30,0.0225,75,0.0167
Aspergillus_section_Flavi,Aspergillus_section_Flavi_151.jpg,75,0.8253,32,0.0287,78,0.0253,81,0.021,93,0.0182
Aspergillus_section_Flavi,Aspergillus_section_Flavi_152.jpg,75,0.82,32,0.0275,81,0.0224,78,0.021,5,0.0204
Aspergillus_section_Flavi,Aspergillus_section_Flavi_153.jpg,78,0.4524,75,0.1514,7,0.0765,32,0.0643,93,0.0446
Aspergillus_section_Flavi,Aspergillus_section_Flavi_154.jpg,28,0.305,35,0.1503,70,0.0769,75,0.0758,30,0.0675
Aspergillus_section_Flavi,Aspergillus_section_Flavi_155.jpg,28,0.2376,35,0.1909,107,0.1251,75,0.0769,30,0.0568
Aspergillus_section_Flavi,Aspergillus_section_Flavi_156.jpg,28,0.3585,35,0.141,75,0.072,70,0.0689,107,0.0684
Aspergillus_section_Flavi,Aspergillus_section_Flavi_157.jpg,28,0.2951,35,0.1769,107,0.084,75,0.0775,70,0.0676
Aspergillus_section_Flavi,Aspergillus_section_Flavi_158.jpg,78,0.3682,75,0.2084,28,0.0893,81,0.0858,30,0.0635
Aspergillus_section_Flavi,Aspergillus_section_Flavi_159.jpg,78,0.4241,75,0.1414,28,0.1292,30,0.0722,81,0.0665
Aspergillus_section_Flavi,Aspergillus_section_Flavi_160.jpg,75,0.4985,78,0.1196,81,0.0934,9,0.055,30,0.0332
Aspergillus_section_Flavi,Aspergillus_section_Flavi_161.jpg,81,0.2482,78,0.1876,75,0.1468,5,0.0653,93,0.0619
Aspergillus_section_Flavi,Aspergillus_section_Flavi_162.jpg,78,0.5184,30,0.2174,28,0.0896,75,0.0539,81,0.0506
Aspergillus_section_Flavi,Aspergillus_section_Flavi_163.jpg,78,0.6046,30,0.164,28,0.0959,75,0.0337,32,0.0274
Aspergillus_section_Flavi,Aspergillus_section_Flavi_164.jpg,78,0.5884,30,0.1748,28,0.1155,75,0.0316,81,0.0266
Aspergillus_section_Flavi,Aspergillus_section_Flavi_165.jpg,78,0.5886,30,0.1844,28,0.0948,75,0.0354,81,0.0311
Aspergillus_section_Flavi,Aspergillus_section_Flavi_166.jpg,78,0.6047,30,0.169,28,0.0817,75,0.0425,81,0.0322
Aspergillus_section_Flavi,Aspergillus_section_Flavi_167.jpg,78,0.6724,81,0.0851,30,0.0697,75,0.0531,28,0.0306
Aspergillus_section_Flavi,Aspergillus_section_Flavi_168.jpg,78,0.7798,30,0.0572,28,0.0362,81,0.0341,75,0.0246
Aspergillus_section_Flavi,Aspergillus_section_Flavi_169.jpg,81,0.3078,75,0.1549,78,0.1226,70,0.1118,5,0.0855
Aspergillus_section_Flavi,Aspergillus_section_Flavi_170.jpg,28,0.2824,78,0.2778,30,0.1716,70,0.0713,75,0.0552
Aspergillus_section_Flavi,Aspergillus_section_Flavi_171.jpg,28,0.3272,78,0.3145,30,0.1395,70,0.0585,75,0.0433
Aspergillus_section_Flavi,Aspergillus_section_Flavi_172.jpg,28,0.3416,78,0.2671,30,0.1601,70,0.0665,75,0.0406
Aspergillus_section_Flavi,Aspergillus_section_Flavi_173.jpg,78,0.4367,30,0.3255,81,0.1454,28,0.0307,75,0.0246
Aspergillus_section_Flavi,Aspergillus_section_Flavi_174.jpg,78,0.4684,30,0.315,81,0.1208,28,0.0441,75,0.018
Aspergillus_section_Flavi,Aspergillus_section_Flavi_175.jpg,30,0.5567,81,0.3221,78,0.057,70,0.0258,75,0.0145
Aspergillus_section_Flavi,Aspergillus_section_Flavi_176.jpg,30,0.805,81,0.1213,70,0.0406,78,0.0097,8,0.0059
Aspergillus_section_Flavi,Aspergillus_section_Flavi_177.jpg,30,0.3555,28,0.3411,78,0.2247,81,0.0294,70,0.0169
Aspergillus_section_Flavi,Aspergillus_section_Flavi_178.jpg,78,0.3903,81,0.2292,107,0.0552,30,0.0534,83,0.029
Aspergillus_section_Flavi,Aspergillus_section_Flavi_179.jpg,78,0.5596,81,0.094,100,0.0491,30,0.0384,98,0.0313
Aspergillus_section_Flavi,Aspergillus_section_Flavi_180.jpg,9,0.3101,70,0.2604,81,0.0869,107,0.0469,30,0.0421
Aspergillus_section_Flavi,Aspergillus_section_Flavi_181.jpg,9,0.3373,70,0.2046,81,0.0918,107,0.0516,30,0.0434
Aspergillus_section_Flavi,Aspergillus_section_Flavi_182.jpg,9,0.3072,70,0.2293,81,0.0879,107,0.0508,35,0.048
Aspergillus_section_Flavi,Aspergillus_section_Flavi_183.jpg,80,0.4274,83,0.1423,78,0.1203,7,0.1015,72,0.036
Aspergillus_section_Flavi,Aspergillus_section_Flavi_184.jpg,80,0.2526,83,0.2359,78,0.1771,7,0.0718,9,0.0503
Aspergillus_section_Flavi,Aspergillus_section_Flavi_185.jpg,81,0.3552,9,0.2114,8,0.0463,70,0.0416,30,0.0396
Aspergillus_section_Flavi,Aspergillus_section_Flavi_186.jpg,81,0.3835,9,0.2448,8,0.0429,83,0.0426,70,0.0364
Aspergillus_section_Flavi,Aspergillus_section_Flavi_187.jpg,81,0.578,30,0.1168,70,0.0698,5,0.0626,9,0.0542
Aspergillus_section_Flavi,Aspergillus_section_Flavi_188.jpg,81,0.5684,30,0.1086,5,0.0981,70,0.0609,9,0.0513
Aspergillus_section_Flavi,Aspergillus_section_Flavi_189.jpg,81,0.5823,30,0.0986,5,0.0731,9,0.0705,70,0.0593
Aspergillus_section_Flavi,Aspergillus_section_Flavi_190.jpg,78,0.53,83,0.0975,81,0.0422,23,0.033,24,0.0284
Aspergillus_section_Flavi,Aspergillus_section_Flavi_191.jpg,81,0.5918,30,0.0973,5,0.077,70,0.056,9,0.0518
Aspergillus_section_Flavi,Aspergillus_section_Flavi_192.jpg,81,0.5229,5,0.1104,30,0.1031,9,0.0707,70,0.0625
Aspergillus_section_Flavi,Aspergillus_section_Flavi_193.jpg,78,0.8972,28,0.0778,30,0.0072,75,0.0041,24,0.0037
Aspergillus_section_Flavi,Aspergillus_section_Flavi_194.jpg,81,0.5758,30,0.3857,70,0.012,78,0.0092,75,0.0089
Aspergillus_section_Flavi,Aspergillus_section_Flavi_195.jpg,78,0.9652,28,0.023,7,0.0033,30,0.0032,24,0.002
Aspergillus_section_Flavi,Aspergillus_section_Flavi_196.jpg,81,0.4376,30,0.3391,78,0.0844,70,0.0366,28,0.0345
Aspergillus_section_Flavi,Aspergillus_section_Flavi_197.jpg,81,0.6677,30,0.1865,78,0.0454,70,0.0374,75,0.0278
Aspergillus_section_Flavi,Aspergillus_section_Flavi_198.jpg,78,0.7234,28,0.2366,30,0.0224,24,0.0053,7,0.0026
Aspergillus_section_Flavi,Aspergillus_section_Flavi_199.jpg,78,0.7896,28,0.173,30,0.0212,24,0.006,7,0.0029
Aspergillus_section_Flavi,Aspergillus_section_Flavi_200.jpg,78,0.6706,28,0.2773,30,0.0321,24,0.0062,75,0.0025
Aspergillus_section_Flavi,Aspergillus_section_Flavi_201.jpg,81,0.9024,30,0.0758,70,0.0121,75,0.0044,5,0.0026
Aspergillus_section_Flavi,Aspergillus_section_Flavi_202.jpg,78,0.5724,28,0.3449,30,0.0506,24,0.0091,81,0.0056
Aspergillus_section_Flavi,Aspergillus_section_Flavi_203.jpg,78,0.2143,98,0.138,81,0.1108,100,0.1008,24,0.0614
Aspergillus_section_Flavi,Aspergillus_section_Flavi_204.jpg,81,0.2529,78,0.2059,24,0.0921,83,0.0805,98,0.0525
Aspergillus_section_Flavi,Aspergillus_section_Flavi_205.jpg,78,0.216,81,0.1968,100,0.1274,30,0.0741,24,0.0559
Aspergillus_section_Flavi,Aspergillus_section_Flavi_206.jpg,81,0.1789,78,0.1574,30,0.1408,70,0.1139,28,0.0609
Aspergillus_section_Flavi,Aspergillus_section_Flavi_207.jpg,9,0.5787,81,0.3448,107,0.0449,30,0.0149,5,0.0071
Aspergillus_section_Flavi,Aspergillus_section_Flavi_208.jpg,78,0.4526,7,0.3843,32,0.0466,28,0.0164,17,0.0145
Aspergillus_section_Flavi,Aspergillus_section_Flavi_209.jpg,7,0.6375,78,0.2267,32,0.0296,6,0.023,35,0.0112
Aspergillus_section_Flavi,Aspergillus_section_Flavi_210.jpg,17,0.42,7,0.1771,32,0.0815,35,0.0637,2,0.0353
Aspergillus_section_Flavi,Aspergillus_section_Flavi_211.jpg,17,0.3458,7,0.2303,32,0.0807,35,0.0688,44,0.0429
Aspergillus_section_Flavi,Aspergillus_section_Flavi_212.jpg,17,0.3528,7,0.2454,32,0.0794,35,0.0638,97,0.0327
Aspergillus_section_Flavi,Aspergillus_section_Flavi_213.jpg,7,0.6793,78,0.2533,6,0.0244,32,0.0182,44,0.0036
Aspergillus_section_Flavi,Aspergillus_section_Flavi_214.jpg,17,0.4465,7,0.2872,32,0.1062,78,0.0306,97,0.0275
Aspergillus_section_Flavi,Aspergillus_section_Flavi_215.jpg,17,0.7571,32,0.0622,97,0.0539,7,0.0347,2,0.0261
Aspergillus_section_Flavi,Aspergillus_section_Flavi_216.jpg,7,0.4594,17,0.2529,32,0.1161,97,0.0379,78,0.0282
Aspergillus_section_Flavi,Aspergillus_section_Flavi_217.jpg,7,0.6943,78,0.1622,17,0.0552,98,0.0205,32,0.0126
Aspergillus_section_Flavi,Aspergillus_section_Flavi_218.jpg,6,0.2002,7,0.1924,78,0.178,32,0.132,12,0.0574
Aspergillus_section_Flavi,Aspergillus_section_Flavi_219.jpg,7,0.2938,78,0.2746,32,0.149,6,0.1358,35,0.0136
Aspergillus_section_Flavi,Aspergillus_section_Flavi_220.jpg,6,0.2219,7,0.204,78,0.178,32,0.1429,12,0.035
Aspergillus_section_Flavi,Aspergillus_section_Flavi_221.jpg,7,0.2151,6,0.2145,78,0.1918,32,0.1393,12,0.0292
Aspergillus_section_Flavi,Aspergillus_section_Flavi_222.jpg,7,0.3777,78,0.2717,32,0.1497,6,0.0938,35,0.0095
Mixed,Mixed_157.jpg,78,0.1706,30,0.1095,81,0.1092,24,0.0963,85,0.0519
Mixed,Mixed_158.jpg,24,0.1594,78,0.1422,30,0.0956,81,0.0608,85,0.0565
Mixed,Mixed_159.jpg,9,0.3908,30,0.1112,5,0.0999,78,0.0733,107,0.051
Mixed,Mixed_160.jpg,28,0.4084,98,0.3051,78,0.1021,29,0.0381,39,0.022
Mixed,Mixed_161.jpg,28,0.4697,98,0.2381,78,0.128,29,0.0232,30,0.0227
Mixed,Mixed_162.jpg,93,0.3361,81,0.2062,98,0.1522,30,0.0781,39,0.0579
Mixed,Mixed_163.jpg,98,0.203,93,0.1926,81,0.1393,30,0.121,28,0.1147
Mixed,Mixed_164.jpg,78,0.6377,80,0.0606,7,0.0325,81,0.0319,30,0.0282
Mixed,Mixed_165.jpg,78,0.4772,81,0.1975,25,0.0435,5,0.0391,80,0.0306
Mixed,Mixed_166.jpg,81,0.4662,78,0.0925,9,0.0796,5,0.0764,80,0.0499
Mixed,Mixed_167.jpg,81,0.4107,5,0.1017,78,0.096,25,0.0372,93,0.0369
Mixed,Mixed_168.jpg,7,0.6343,21,0.0945,80,0.0728,78,0.0422,85,0.0197
Mixed,Mixed_169.jpg,7,0.9971,44,0.0009,78,0.0009,6,0.0002,98,0.0002
Mixed,Mixed_170.jpg,7,0.9943,44,0.0018,78,0.0015,98,0.0005,6,0.0003
Mixed,Mixed_171.jpg,7,0.9956,44,0.0016,78,0.0011,6,0.0004,98,0.0003
Penicillium_spp,Penicillium_spp_001.jpg,7,0.9766,78,0.0223,98,0.0003,28,0.0002,32,0.0001
Penicillium_spp,Penicillium_spp_002.jpg,7,0.9835,78,0.0159,98,0.0001,28,0.0001,6,0.0001
Penicillium_spp,Penicillium_spp_003.jpg,81,0.2562,78,0.2105,5,0.1529,93,0.093,85,0.0418
Penicillium_spp,Penicillium_spp_004.jpg,78,0.2362,81,0.2139,5,0.14,93,0.0888,85,0.0542
Penicillium_spp,Penicillium_spp_005.jpg,81,0.231,78,0.1747,5,0.1477,93,0.0855,85,0.0448
Penicillium_spp,Penicillium_spp_006.jpg,81,0.2342,5,0.1805,78,0.1449,93,0.0781,75,0.0434
Penicillium_spp,Penicillium_spp_007.jpg,81,0.5606,9,0.1084,75,0.0595,5,0.0464,30,0.0408
Penicillium_spp,Penicillium_spp_008.jpg,81,0.6012,9,0.0896,5,0.0578,75,0.0524,30,0.04
Penicillium_spp,Penicillium_spp_009.jpg,78,0.3565,28,0.1225,9,0.1012,7,0.0749,75,0.0454
Penicillium_spp,Penicillium_spp_010.jpg,78,0.4345,28,0.1171,7,0.1102,9,0.0552,83,0.0309
Penicillium_spp,Penicillium_spp_011.jpg,28,0.2659,78,0.1716,30,0.1388,75,0.129,81,0.0678
Penicillium_spp,Penicillium_spp_012.jpg,28,0.4958,78,0.2291,30,0.0889,75,0.038,70,0.0287
Penicillium_spp,Penicillium_spp_013.jpg,28,0.3983,78,0.1787,30,0.1197,75,0.0862,70,0.0508
Penicillium_spp,Penicillium_spp_014.jpg,28,0.5106,78,0.2324,30,0.0788,75,0.0406,70,0.0255
Penicillium_spp,Penicillium_spp_015.jpg,9,0.4586,81,0.1138,30,0.0952,70,0.0757,78,0.0558
Penicillium_spp,Penicillium_spp_016.jpg,9,0.2665,81,0.2041,30,0.1195,78,0.0895,70,0.067
Penicillium_spp,Penicillium_spp_017.jpg,81,0.3024,9,0.1159,78,0.0705,70,0.0691,32,0.0642
Penicillium_spp,Penicillium_spp_018.jpg,81,0.3082,9,0.099,70,0.072,30,0.0679,78,0.0669
Penicillium_spp,Penicillium_spp_019.jpg,78,0.1861,107,0.1053,16,0.09,24,0.0858,32,0.0826
Penicillium_spp,Penicillium_spp_020.jpg,78,0.2186,32,0.1179,107,0.1027,24,0.0906,81,0.0777
Penicillium_spp,Penicillium_spp_021.jpg,78,0.1732,107,0.1125,24,0.1049,32,0.0975,81,0.0914
Penicillium_spp,Penicillium_spp_022.jpg,78,0.1996,24,0.1121,32,0.1074,81,0.0868,107,0.0829
Rhizopus_spp,Rhizopus_spp_001.jpg,78,0.9372,7,0.0452,32,0.0026,24,0.0018,6,0.0017
Rhizopus_spp,Rhizopus_spp_002.jpg,78,0.952,7,0.0376,32,0.0015,30,0.0012,24,0.0011
Rhizopus_spp,Rhizopus_spp_003.jpg,78,0.9622,7,0.0246,32,0.0022,28,0.0017,30,0.0016
Rhizopus_spp,Rhizopus_spp_004.jpg,78,0.9685,7,0.0153,28,0.0029,32,0.0027,30,0.0025
Rhizopus_spp,Rhizopus_spp_005.jpg,78,0.8898,7,0.0189,28,0.0132,24,0.0118,30,0.0114
Rhizopus_spp,Rhizopus_spp_006.jpg,78,0.9187,7,0.0216,24,0.0079,28,0.007,30,0.0062
Rhizopus_spp,Rhizopus_spp_007.jpg,78,0.9319,7,0.0319,24,0.0053,32,0.0038,6,0.0037
Rhizopus_spp,Rhizopus_spp_008.jpg,78,0.3435,17,0.1343,30,0.133,32,0.0688,24,0.0566
Rhizopus_spp,Rhizopus_spp_009.jpg,78,0.6618,30,0.0831,32,0.0579,24,0.0417,17,0.0235
Rhizopus_spp,Rhizopus_spp_010.jpg,78,0.9189,24,0.0108,7,0.0101,30,0.009,32,0.0087
Rhizopus_spp,Rhizopus_spp_011.jpg,78,0.9414,7,0.0394,6,0.0028,24,0.0026,32,0.0013
Rhizopus_spp,Rhizopus_spp_012.jpg,7,0.6532,78,0.1332,85,0.0224,98,0.0207,17,0.0188
Rhizopus_spp,Rhizopus_spp_013.jpg,7,0.617,78,0.1991,17,0.0177,32,0.0158,24,0.0148
Rhizopus_spp,Rhizopus_spp_014.jpg,78,0.851,28,0.0353,30,0.0259,98,0.0198,81,0.0187
Rhizopus_spp,Rhizopus_spp_015.jpg,78,0.8338,28,0.041,30,0.0303,81,0.0234,98,0.0174
Rhizopus_spp,Rhizopus_spp_016.jpg,78,0.8444,28,0.0411,30,0.0268,98,0.0195,81,0.0195
Rhizopus_spp,Rhizopus_spp_017.jpg,78,0.8555,28,0.0338,30,0.0288,81,0.0182,98,0.016
